t_ns,phase,tau_cmd,q1,q2,q3,q4,q5,q6,qd1,qd2,qd3,qd4,qd5,qd6,tau1,tau2,tau3,tau4,tau5,tau6
1779585089909104347,A_+,1.6800004232209176e-07,0.0,-0.024853488548399253,-1.998873232431546,0.0,-0.01741838593490341,0.0,0.0,0.0,0.0,0.0,0.0,0.0,-0.155925,9.7335,2.7971999999999997,-0.0335454,0.56739648,0.0191688
1779585089909104347,A_+,0.0013709308750549098,0.0,-0.024853488548399253,-1.998873232431546,0.0,-0.01741838593490341,0.0,0.0,0.0,0.0,0.0,0.0,0.0,-0.155925,9.7335,2.7971999999999997,-0.0335454,0.56739648,0.0191688
1779585093239049911,A_+,0.0027654457499011187,0.0,-0.024853488548399253,-1.998873232431546,0.0,-0.0136659280431156,0.0,0.0,0.0,0.0,0.0,0.0,0.0,-0.36382499999999995,11.5101,3.6287999999999996,-0.0622986,0.63448728,0.0
1779585093239049911,A_+,0.004214344125102798,0.0,-0.024853488548399253,-1.998873232431546,0.0,-0.0136659280431156,0.0,0.0,0.0,0.0,0.0,0.0,0.0,-0.36382499999999995,11.5101,3.6287999999999996,-0.0622986,0.63448728,0.0
1779585093239049911,A_+,0.005585923124726833,0.0,-0.024853488548399253,-1.998873232431546,0.0,-0.0136659280431156,0.0,0.0,0.0,0.0,0.0,0.0,0.0,-0.36382499999999995,11.5101,3.6287999999999996,-0.0622986,0.63448728,0.0
1779585093264093160,A_+,0.006916254249972553,0.0,-0.03426081321664869,-1.998873232431546,0.0,-0.0136659280431156,0.0,0.0,-0.743,0.0,0.0,0.0,0.0,-0.36382499999999995,4.578525,3.3594749999999998,-0.06996611999999999,0.64311324,0.01341816
