t_ns,phase,tau_cmd,q1,q2,q3,q4,q5,q6,qd1,qd2,qd3,qd4,qd5,qd6,tau1,tau2,tau3,tau4,tau5,tau6
1779587587089833021,A_-,-2.9599959816550836e-07,0.0,1.4742796191596101,-2.696935120059198,-0.09056513488598576,-0.008395033702092726,0.0,0.0,0.0,-0.392,0.0,0.0,0.0,-0.35437499999999994,-1.545075,-1.611225,-0.03642072,-0.34216307999999995,0.01054284
1779587587089833021,A_-,-0.002726396250182006,0.0,1.4742796191596101,-2.696935120059198,-0.09056513488598576,-0.008395033702092726,0.0,0.0,0.0,-0.392,0.0,0.0,0.0,-0.35437499999999994,-1.545075,-1.611225,-0.03642072,-0.34216307999999995,0.01054284
1779587587709821462,A_-,-0.005398945999331772,0.0,1.4677695410496714,-3.0257726044274493,-0.09056513488598576,-0.03256784384221419,0.0,0.0,-0.017,0.0,0.0,-0.078,0.0,-0.36855,3.9831749999999997,-2.9389499999999997,-0.03929604,0.61915224,0.0047922
